,precision,recall,f1-score,support
Affenpinscher,0.9545454545454546,0.9545454545454546,0.9545454545454546,22.0
Afghan Hound,1.0,0.9722222222222222,0.9859154929577465,36.0
African Hunting Dog,0.9629629629629629,1.0,0.9811320754716981,26.0
Airedale,0.9655172413793104,0.9032258064516129,0.9333333333333333,31.0
American Staffordshire Terrier,0.8421052631578947,0.64,0.7272727272727273,25.0
Appenzeller,0.7391304347826086,0.7727272727272727,0.7555555555555555,22.0
Australian Terrier,0.8888888888888888,0.8,0.8421052631578947,30.0
Basenji,0.9696969696969697,1.0,0.9846153846153847,32.0
Basset,0.8333333333333334,0.9615384615384616,0.8928571428571429,26.0
Beagle,0.7647058823529411,0.8666666666666667,0.8125,30.0
Bedlington Terrier,1.0,1.0,1.0,28.0
Bernese Mountain Dog,0.9428571428571428,1.0,0.9705882352941176,33.0
Black-And-Tan Coonhound,1.0,0.9583333333333334,0.9787234042553191,24.0
Blenheim Spaniel,0.9310344827586207,0.9642857142857143,0.9473684210526315,28.0
Bloodhound,0.9655172413793104,1.0,0.9824561403508771,28.0
Bluetick,0.8846153846153846,0.8846153846153846,0.8846153846153846,26.0
Border Collie,0.7777777777777778,0.9545454545454546,0.8571428571428571,22.0
Border Terrier,0.9629629629629629,1.0,0.9811320754716981,26.0
Borzoi,0.9545454545454546,0.9545454545454546,0.9545454545454546,22.0
Boston Bull,0.9,0.9642857142857143,0.9310344827586207,28.0
Bouvier Des Flandres,0.9090909090909091,0.9090909090909091,0.9090909090909091,22.0
Boxer,0.875,0.9545454545454546,0.9130434782608695,22.0
Brabancon Griffon,0.9583333333333334,1.0,0.9787234042553191,23.0
Briard,1.0,0.8695652173913043,0.9302325581395349,23.0
Brittany Spaniel,0.9090909090909091,0.8695652173913043,0.8888888888888888,23.0
Bull Mastiff,1.0,1.0,1.0,23.0
Cairn,0.9354838709677419,0.9666666666666667,0.9508196721311475,30.0
Cardigan,0.8888888888888888,0.6956521739130435,0.7804878048780488,23.0
Chesapeake Bay Retriever,0.9615384615384616,1.0,0.9803921568627451,25.0
Chihuahua,1.0,0.782608695652174,0.8780487804878049,23.0
Chow,1.0,0.9666666666666667,0.9830508474576272,30.0
Clumber,0.9166666666666666,1.0,0.9565217391304348,22.0
Cocker Spaniel,0.9,0.75,0.8181818181818182,24.0
Collie,0.6,0.6521739130434783,0.625,23.0
Curly-Coated Retriever,0.9565217391304348,1.0,0.9777777777777777,22.0
Dandie Dinmont,1.0,0.9629629629629629,0.9811320754716981,27.0
Dhole,1.0,0.8636363636363636,0.926829268292683,22.0
Dingo,0.92,1.0,0.9583333333333334,23.0
Doberman,1.0,0.9545454545454546,0.9767441860465116,22.0
English Foxhound,0.9,0.782608695652174,0.8372093023255814,23.0
English Setter,1.0,0.9166666666666666,0.9565217391304348,24.0
English Springer,0.9230769230769231,1.0,0.96,24.0
Entlebucher,0.8888888888888888,0.7741935483870968,0.8275862068965517,31.0
Eskimo Dog,0.5555555555555556,0.45454545454545453,0.5,22.0
Flat-Coated Retriever,0.9473684210526315,0.782608695652174,0.8571428571428571,23.0
French Bulldog,0.96,1.0,0.9795918367346939,24.0
German Shepherd,1.0,0.9565217391304348,0.9777777777777777,23.0
German Short-Haired Pointer,1.0,0.9565217391304348,0.9777777777777777,23.0
Giant Schnauzer,0.8461538461538461,0.9565217391304348,0.8979591836734694,23.0
Golden Retriever,0.9545454545454546,0.9545454545454546,0.9545454545454546,22.0
Gordon Setter,1.0,0.9565217391304348,0.9777777777777777,23.0
Great Dane,1.0,0.9130434782608695,0.9545454545454546,23.0
Great Pyrenees,0.9375,0.9375,0.9375,32.0
Greater Swiss Mountain Dog,0.9130434782608695,0.84,0.875,25.0
Groenendael,1.0,1.0,1.0,22.0
Ibizan Hound,0.9655172413793104,1.0,0.9824561403508771,28.0
Irish Setter,0.9583333333333334,1.0,0.9787234042553191,23.0
Irish Terrier,0.8666666666666667,1.0,0.9285714285714286,26.0
Irish Water Spaniel,0.9565217391304348,1.0,0.9777777777777777,22.0
Irish Wolfhound,0.9,0.8181818181818182,0.8571428571428571,33.0
Italian Greyhound,1.0,0.9285714285714286,0.9629629629629629,28.0
Japanese Spaniel,0.9615384615384616,0.8928571428571429,0.9259259259259259,28.0
Keeshond,1.0,1.0,1.0,23.0
Kelpie,0.9565217391304348,0.9565217391304348,0.9565217391304348,23.0
Kerry Blue Terrier,1.0,0.9259259259259259,0.9615384615384616,27.0
Komondor,1.0,1.0,1.0,23.0
Kuvasz,0.9523809523809523,0.9090909090909091,0.9302325581395349,22.0
Labrador Retriever,0.8928571428571429,0.9615384615384616,0.9259259259259259,26.0
Lakeland Terrier,0.875,0.9333333333333333,0.9032258064516129,30.0
Leonberg,0.9411764705882353,1.0,0.9696969696969697,32.0
Lhasa,0.8518518518518519,0.8214285714285714,0.8363636363636363,28.0
Malamute,0.8620689655172413,0.9259259259259259,0.8928571428571429,27.0
Malinois,1.0,0.9545454545454546,0.9767441860465116,22.0
Maltese Dog,0.8571428571428571,0.9473684210526315,0.9,38.0
Mexican Hairless,0.9583333333333334,1.0,0.9787234042553191,23.0
Miniature Pinscher,0.9333333333333333,1.0,0.9655172413793104,28.0
Miniature Poodle,0.76,0.8260869565217391,0.7916666666666666,23.0
Miniature Schnauzer,0.9130434782608695,0.9130434782608695,0.9130434782608695,23.0
Newfoundland,0.9285714285714286,0.896551724137931,0.9122807017543859,29.0
Norfolk Terrier,0.8214285714285714,0.8846153846153846,0.8518518518518519,26.0
Norwegian Elkhound,0.9375,1.0,0.967741935483871,30.0
Norwich Terrier,0.8064516129032258,0.8928571428571429,0.847457627118644,28.0
Old English Sheepdog,0.9629629629629629,1.0,0.9811320754716981,26.0
Otterhound,0.875,0.9545454545454546,0.9130434782608695,22.0
Papillon,1.0,1.0,1.0,30.0
Pekinese,0.95,0.8636363636363636,0.9047619047619048,22.0
Pembroke,0.8181818181818182,1.0,0.9,27.0
Pomeranian,0.9411764705882353,0.9696969696969697,0.9552238805970149,33.0
Pug,0.967741935483871,1.0,0.9836065573770492,30.0
Redbone,1.0,0.7272727272727273,0.8421052631578947,22.0
Rhodesian Ridgeback,0.71875,0.8846153846153846,0.7931034482758621,26.0
Rottweiler,0.92,1.0,0.9583333333333334,23.0
Saint Bernard,1.0,1.0,1.0,26.0
Saluki,1.0,1.0,1.0,30.0
Samoyed,0.9428571428571428,1.0,0.9705882352941176,33.0
Schipperke,1.0,0.9130434782608695,0.9545454545454546,23.0
Scotch Terrier,0.9565217391304348,0.9565217391304348,0.9565217391304348,23.0
Scottish Deerhound,0.8648648648648649,0.9142857142857143,0.8888888888888888,35.0
Sealyham Terrier,1.0,1.0,1.0,31.0
Shetland Sheepdog,0.8235294117647058,0.6086956521739131,0.7,23.0
Shih-Tzu,0.7575757575757576,0.78125,0.7692307692307693,32.0
Siberian Husky,0.6666666666666666,0.6896551724137931,0.6779661016949152,29.0
Silky Terrier,0.8275862068965517,0.8571428571428571,0.8421052631578947,28.0
Soft-Coated Wheaten Terrier,1.0,1.0,1.0,23.0
Staffordshire Bullterrier,0.7142857142857143,0.8695652173913043,0.7843137254901961,23.0
Standard Poodle,0.9166666666666666,0.9166666666666666,0.9166666666666666,24.0
Standard Schnauzer,0.9090909090909091,0.8695652173913043,0.8888888888888888,23.0
Sussex Spaniel,1.0,0.9545454545454546,0.9767441860465116,22.0
Tibetan Mastiff,0.9545454545454546,0.9130434782608695,0.9333333333333333,23.0
Tibetan Terrier,0.896551724137931,0.8387096774193549,0.8666666666666667,31.0
Toy Poodle,0.7619047619047619,0.7272727272727273,0.7441860465116279,22.0
Toy Terrier,1.0,0.8846153846153846,0.9387755102040817,26.0
Vizsla,0.95,0.8260869565217391,0.8837209302325582,23.0
Walker Hound,0.8095238095238095,0.7391304347826086,0.7727272727272727,23.0
Weimaraner,0.9230769230769231,1.0,0.96,24.0
Welsh Springer Spaniel,0.8695652173913043,0.9090909090909091,0.8888888888888888,22.0
West Highland White Terrier,0.896551724137931,1.0,0.9454545454545454,26.0
Whippet,0.9333333333333333,1.0,0.9655172413793104,28.0
Wire-Haired Fox Terrier,1.0,0.8695652173913043,0.9302325581395349,23.0
Yorkshire Terrier,1.0,0.84,0.9130434782608695,25.0
accuracy,0.915479274611399,0.915479274611399,0.915479274611399,0.915479274611399
macro avg,0.9181807884887832,0.9133139854833281,0.9136411592853853,3088.0
weighted avg,0.9180407458411933,0.915479274611399,0.9147517406863522,3088.0
